{
  "multi_item_share": 0.02136215129429505,
  "avg_basket_size": 1.0217505540451004
}