{"pca_explained": [0.5045269950325013, 0.20209397032719764], "total_explained": 0.706620965359699}